{"摊吃鬼": {"num": 1, "value": 1, "cost": 1.305903399, "rate": 0.7657534246145262, "uid": 0, "昵称": "摊吃鬼"}, "顾讠": {"num": 19, "value": 15.999999999999998, "cost": 21.447227192000007, "rate": 0.7460171823968056, "uid": 0, "昵称": "顾讠"}, "半碗小坨坨": {"num": 8, "value": 8, "cost": 10.447227192, "rate": 0.7657534246145262, "uid": 0, "昵称": "半碗小坨坨"}, "ww宝嗷": {"num": 1, "value": 1, "cost": 1.305903399, "rate": 0.7657534246145262, "uid": 0, "昵称": "ww宝嗷"}, "策瑜一生一世": {"num": 1, "value": 1, "cost": 1.305903399, "rate": 0.7657534246145262, "uid": 0, "昵称": "策瑜一生一世"}, "一点点板栗": {"num": 11, "value": 10.0, "cost": 12.529516995, "rate": 0.7981153626265544, "uid": 0, "昵称": "一点点板栗"}, "月之恶魔咒蓝": {"num": 23, "value": 20.0, "cost": 25.447227192, "rate": 0.785940246027572, "uid": "2083862", "昵称": "月之恶魔咒蓝"}, "一肚子拿铁": {"num": 19, "value": 29.599999999999998, "cost": 40.364937389000005, "rate": 0.7333096968476013, "uid": 0, "昵称": "一肚子拿铁"}, "是墨璃吖": {"num": 2, "value": 2, "cost": 2.611806798, "rate": 0.7657534246145262, "uid": 0, "昵称": "是墨璃吖"}, "concentrated黑眼圈": {"num": 89, "value": 204, "cost": 194.47227191999997, "rate": 1.0489927329275994, "uid": 0, "昵称": "concentrated黑眼圈"}, "虾仁不眨眼的可乐猪": {"num": 4, "value": 4, "cost": 5.223613596, "rate": 0.7657534246145262, "uid": 0, "昵称": "虾仁不眨眼的可乐猪"}, "人间蜜药": {"num": 61, "value": 356.59999999999997, "cost": 212.341681576, "rate": 1.6793688236492934, "uid": 0, "昵称": "人间蜜药"}, "CharloV-_-夏洛": {"num": 12, "value": 12.6, "cost": 15.05903399, "rate": 0.8367070562671597, "uid": 0, "昵称": "CharloV-_-夏洛"}, "诱溪": {"num": 100, "value": 98.4, "cost": 116.824686945, "rate": 0.8422877267912203, "uid": 0, "昵称": "诱溪"}, "维多利亚肖": {"num": 10, "value": 10.4, "cost": 11.223613596, "rate": 0.9266177876710289, "uid": 0, "昵称": "维多利亚肖"}, "GYY108": {"num": 3, "value": 2.6, "cost": 3.305903399, "rate": 0.7864718614544127, "uid": "178343213", "昵称": "GYY108"}, "晚安か别睡觉か": {"num": 19, "value": 19.8, "cost": 30.75313059100001, "rate": 0.6438368913828411, "uid": 0, "昵称": "晚安か别睡觉か"}, "灵活的肉团团": {"num": 6, "value": 5.6, "cost": 7.529516995, "rate": 0.7437396055708085, "uid": 0, "昵称": "灵活的肉团团"}, "气坏气坏气坏气坏气": {"num": 1, "value": 1, "cost": 1.305903399, "rate": 0.7657534246145262, "uid": 0, "昵称": "气坏气坏气坏气坏气"}, "是陈咕咕啊": {"num": 5, "value": 5.6, "cost": 5.917710197, "rate": 0.9463119709442575, "uid": 0, "昵称": "是陈咕咕啊"}, "系统故障-": {"num": 1, "value": 1, "cost": 1.305903399, "rate": 0.7657534246145262, "uid": 0, "昵称": "系统故障-"}, "393715154": {"num": 30, "value": 25.6, "cost": 33.670840788, "rate": 0.7603017744993057, "uid": "393715154", "昵称": "Mok3s墨客"}, "33615927": {"num": 44, "value": 49.2, "cost": 58.506261182, "rate": 0.8409356367338141, "uid": "33615927", "昵称": "局长__"}, "12044282": {"num": 10, "value": 7.6, "cost": 10.0, "rate": 0.76, "uid": "12044282", "昵称": "木兰咕咕"}, "1897477": {"num": 22, "value": 19.8, "cost": 23.529516995, "rate": 0.8414962365868998, "uid": "1897477", "昵称": "喏Emilio"}, "524202948": {"num": 10, "value": 8, "cost": 11.223613596, "rate": 0.7127829135930991, "uid": "524202948", "昵称": "Tabby_Official"}, "627409189": {"num": 13, "value": 12.0, "cost": 14.835420394, "rate": 0.8088749547571467, "uid": "627409189", "昵称": "星藏blue"}, "11768704": {"num": 13, "value": 10.6, "cost": 14.835420394, "rate": 0.7145062100354795, "uid": "11768704", "昵称": "与还"}, "啊自": {"uid": "24802491", "昵称": "啊自", "num": 100, "value": 92.2, "cost": 100, "rate": 0.922}, "24802491": {"uid": "24802491", "昵称": "啊自", "num": 100, "value": 92.2, "cost": 100, "rate": 0.922}, "招摇过市的猫": {"uid": "8521550", "昵称": "招摇过市的猫", "num": 5, "value": 4.2, "cost": 5.0, "rate": 0.8400000000000001}, "8521550": {"uid": "8521550", "昵称": "招摇过市的猫", "num": 5, "value": 4.2, "cost": 5.0, "rate": 0.8400000000000001}, "白桃乌龙茶哦": {"uid": "679771510", "昵称": "白桃乌龙茶哦", "num": 1, "value": 4, "cost": 10, "rate": 0.4}, "679771510": {"uid": "679771510", "昵称": "白桃乌龙茶哦", "num": 1, "value": 4, "cost": 10, "rate": 0.4}, "斗之气七段春小花": {"uid": "598716541", "昵称": "斗之气七段春小花", "num": 2, "value": 2, "cost": 2, "rate": 1.0}, "598716541": {"uid": "598716541", "昵称": "斗之气七段春小花", "num": 2, "value": 2, "cost": 2, "rate": 1.0}, "30010420": {"num": 7, "value": 15.2, "cost": 8.223613596, "rate": 1.8483358711544209, "uid": "30010420", "昵称": "托尼托尼灬乔巴"}, "49949694": {"num": 23, "value": 40.4, "cost": 44.364937389, "rate": 0.9106290322415043, "uid": "49949694", "昵称": "世界第一可怜靈汐酱"}, "353117150": {"uid": "353117150", "昵称": "要来杯奶茶吗", "num": 2, "value": 1.6, "cost": 2.0, "rate": 0.8}, "要来杯奶茶吗": {"uid": "353117150", "昵称": "要来杯奶茶吗", "num": 2, "value": 1.6, "cost": 2.0, "rate": 0.8}, "Mok3s墨客": {"num": 30, "value": 25.6, "cost": 33.670840788, "rate": 0.7603017744993057, "uid": "393715154", "昵称": "Mok3s墨客"}, "局长__": {"num": 44, "value": 49.2, "cost": 58.506261182, "rate": 0.8409356367338141, "uid": "33615927", "昵称": "局长__"}, "木兰咕咕": {"num": 10, "value": 7.6, "cost": 10.0, "rate": 0.76, "uid": "12044282", "昵称": "木兰咕咕"}, "喏Emilio": {"num": 22, "value": 19.8, "cost": 23.529516995, "rate": 0.8414962365868998, "uid": "1897477", "昵称": "喏Emilio"}, "Tabby_Official": {"num": 10, "value": 8, "cost": 11.223613596, "rate": 0.7127829135930991, "uid": "524202948", "昵称": "Tabby_Official"}, "星藏blue": {"num": 13, "value": 12.0, "cost": 14.835420394, "rate": 0.8088749547571467, "uid": "627409189", "昵称": "星藏blue"}, "与还": {"num": 13, "value": 10.6, "cost": 14.835420394, "rate": 0.7145062100354795, "uid": "11768704", "昵称": "与还"}, "托尼托尼灬乔巴": {"num": 7, "value": 15.2, "cost": 8.223613596, "rate": 1.8483358711544209, "uid": "30010420", "昵称": "托尼托尼灬乔巴"}, "世界第一可怜靈汐酱": {"num": 23, "value": 40.4, "cost": 44.364937389, "rate": 0.9106290322415043, "uid": "49949694", "昵称": "世界第一可怜靈汐酱"}, "2083862": {"num": 23, "value": 20.0, "cost": 25.447227192, "rate": 0.785940246027572, "uid": "2083862", "昵称": "月之恶魔咒蓝"}, "卧床不起决绝子": {"uid": "1093528630", "昵称": "卧床不起决绝子", "num": 3, "value": 1.7999999999999998, "cost": 3.0, "rate": 0.6}, "1093528630": {"uid": "1093528630", "昵称": "卧床不起决绝子", "num": 3, "value": 1.7999999999999998, "cost": 3.0, "rate": 0.6}, "啦啦小卷": {"uid": "171513910", "昵称": "啦啦小卷", "num": 2, "value": 2.0, "cost": 2.0, "rate": 1.0}, "171513910": {"uid": "171513910", "昵称": "啦啦小卷", "num": 2, "value": 2.0, "cost": 2.0, "rate": 1.0}, "178343213": {"num": 3, "value": 2.6, "cost": 3.305903399, "rate": 0.7864718614544127, "uid": "178343213", "昵称": "GYY108"}, "寂寥初雨": {"uid": "72889255", "昵称": "寂寥初雨", "num": 12, "value": 123.2, "cost": 48.0, "rate": 2.566666666666667}, "72889255": {"uid": "72889255", "昵称": "寂寥初雨", "num": 12, "value": 123.2, "cost": 48.0, "rate": 2.566666666666667}, "是韩他喵家的尧尧啊": {"uid": "33102829", "昵称": "是韩他喵家的尧尧啊", "num": 1, "value": 0.6, "cost": 1.0, "rate": 0.6}, "33102829": {"uid": "33102829", "昵称": "是韩他喵家的尧尧啊", "num": 1, "value": 0.6, "cost": 1.0, "rate": 0.6}, "Vsi丶": {"uid": "67508948", "昵称": "Vsi丶", "num": 1, "value": 0.6, "cost": 1.0, "rate": 0.6}, "67508948": {"uid": "67508948", "昵称": "Vsi丶", "num": 1, "value": 0.6, "cost": 1.0, "rate": 0.6}, "追追最棒了": {"uid": "7361074", "昵称": "追追最棒了", "num": 1, "value": 11.0, "cost": 10.0, "rate": 1.1}, "7361074": {"uid": "7361074", "昵称": "追追最棒了", "num": 1, "value": 11.0, "cost": 10.0, "rate": 1.1}}